run_id,params,metrics,score
2c66e79a,"{""n_components"": 2, ""covariance_type"": ""diag"", ""long_threshold"": 0.55, ""short_threshold"": 0.45, ""xgb_params"": {""max_depth"": 3, ""learning_rate"": 0.1}, ""feature_config"": {""returns"": true, ""momentum"": true, ""volatility"": true}}","{""sharpe"": 0.5671827451278884, ""sortino"": 0.969694658584773, ""calmar"": 3.5997163160377923, ""max_drawdown"": -0.039326257184822154, ""cagr"": 0.1371802199663273, ""profit_factor"": 2.1364240818900844, ""expectancy"": 21.50238644863647, ""win_rate"": 0.4799878745734361, ""num_trades"": 12.545454545454545}",3.681686075377388
e3c4f1df,"{""n_components"": 2, ""covariance_type"": ""diag"", ""long_threshold"": 0.55, ""short_threshold"": 0.45, ""xgb_params"": {""max_depth"": 3, ""learning_rate"": 0.1}, ""feature_config"": {""returns"": true, ""trend"": true, ""mean_reversion"": true}}","{""sharpe"": 0.5671827451278884, ""sortino"": 0.969694658584773, ""calmar"": 3.5997163160377923, ""max_drawdown"": -0.039326257184822154, ""cagr"": 0.1371802199663273, ""profit_factor"": 2.1364240818900844, ""expectancy"": 21.50238644863647, ""win_rate"": 0.4799878745734361, ""num_trades"": 12.545454545454545}",3.681686075377388
050a5b71,"{""n_components"": 2, ""covariance_type"": ""diag"", ""long_threshold"": 0.55, ""short_threshold"": 0.45, ""xgb_params"": {""max_depth"": 3, ""learning_rate"": 0.1}, ""feature_config"": {""returns"": true, ""momentum"": true, ""trend"": true}}","{""sharpe"": 0.5671827451278884, ""sortino"": 0.969694658584773, ""calmar"": 3.5997163160377923, ""max_drawdown"": -0.039326257184822154, ""cagr"": 0.1371802199663273, ""profit_factor"": 2.1364240818900844, ""expectancy"": 21.50238644863647, ""win_rate"": 0.4799878745734361, ""num_trades"": 12.545454545454545}",3.681686075377388
43b270b0,"{""n_components"": 2, ""covariance_type"": ""diag"", ""long_threshold"": 0.55, ""short_threshold"": 0.45, ""xgb_params"": {""max_depth"": 5, ""learning_rate"": 0.05}, ""feature_config"": {""returns"": true, ""momentum"": true, ""volatility"": true}}","{""sharpe"": 0.5431630144064981, ""sortino"": 0.8635376032190465, ""calmar"": 2.8537168563032744, ""max_drawdown"": -0.04020419071566696, ""cagr"": 0.1384298197009786, ""profit_factor"": 1.7077853253824822, ""expectancy"": 16.374026387120576, ""win_rate"": 0.497158865776935, ""num_trades"": 12.181818181818182}",2.901378229455595
ad5a676a,"{""n_components"": 2, ""covariance_type"": ""diag"", ""long_threshold"": 0.55, ""short_threshold"": 0.45, ""xgb_params"": {""max_depth"": 5, ""learning_rate"": 0.05}, ""feature_config"": {""returns"": true, ""trend"": true, ""mean_reversion"": true}}","{""sharpe"": 0.5431630144064981, ""sortino"": 0.8635376032190465, ""calmar"": 2.8537168563032744, ""max_drawdown"": -0.04020419071566696, ""cagr"": 0.1384298197009786, ""profit_factor"": 1.7077853253824822, ""expectancy"": 16.374026387120576, ""win_rate"": 0.497158865776935, ""num_trades"": 12.181818181818182}",2.901378229455595
40b45fae,"{""n_components"": 2, ""covariance_type"": ""diag"", ""long_threshold"": 0.55, ""short_threshold"": 0.45, ""xgb_params"": {""max_depth"": 5, ""learning_rate"": 0.05}, ""feature_config"": {""returns"": true, ""momentum"": true, ""trend"": true}}","{""sharpe"": 0.5431630144064981, ""sortino"": 0.8635376032190465, ""calmar"": 2.8537168563032744, ""max_drawdown"": -0.04020419071566696, ""cagr"": 0.1384298197009786, ""profit_factor"": 1.7077853253824822, ""expectancy"": 16.374026387120576, ""win_rate"": 0.497158865776935, ""num_trades"": 12.181818181818182}",2.901378229455595
a95a9418,"{""n_components"": 2, ""covariance_type"": ""diag"", ""long_threshold"": 0.55, ""short_threshold"": 0.4, ""xgb_params"": {""max_depth"": 3, ""learning_rate"": 0.1}, ""feature_config"": {""returns"": true, ""momentum"": true, ""volatility"": true}}","{""sharpe"": 0.5533379789837721, ""sortino"": 0.9666686123809941, ""calmar"": 3.6418796033072733, ""max_drawdown"": -0.039395243801933384, ""cagr"": 0.14122200573457863, ""profit_factor"": 2.2610085106476507, ""expectancy"": 22.091173269751057, ""win_rate"": 0.4900500916508515, ""num_trades"": 12.545454545454545}",3.769696597607282
f090d5f4,"{""n_components"": 2, ""covariance_type"": ""diag"", ""long_threshold"": 0.55, ""short_threshold"": 0.4, ""xgb_params"": {""max_depth"": 3, ""learning_rate"": 0.1}, ""feature_config"": {""returns"": true, ""trend"": true, ""mean_reversion"": true}}","{""sharpe"": 0.5533379789837721, ""sortino"": 0.9666686123809941, ""calmar"": 3.6418796033072733, ""max_drawdown"": -0.039395243801933384, ""cagr"": 0.14122200573457863, ""profit_factor"": 2.2610085106476507, ""expectancy"": 22.091173269751057, ""win_rate"": 0.4900500916508515, ""num_trades"": 12.545454545454545}",3.769696597607282
c3314c33,"{""n_components"": 2, ""covariance_type"": ""diag"", ""long_threshold"": 0.55, ""short_threshold"": 0.4, ""xgb_params"": {""max_depth"": 3, ""learning_rate"": 0.1}, ""feature_config"": {""returns"": true, ""momentum"": true, ""trend"": true}}","{""sharpe"": 0.5533379789837721, ""sortino"": 0.9666686123809941, ""calmar"": 3.6418796033072733, ""max_drawdown"": -0.039395243801933384, ""cagr"": 0.14122200573457863, ""profit_factor"": 2.2610085106476507, ""expectancy"": 22.091173269751057, ""win_rate"": 0.4900500916508515, ""num_trades"": 12.545454545454545}",3.769696597607282
3fe0fd5f,"{""n_components"": 2, ""covariance_type"": ""diag"", ""long_threshold"": 0.55, ""short_threshold"": 0.4, ""xgb_params"": {""max_depth"": 5, ""learning_rate"": 0.05}, ""feature_config"": {""returns"": true, ""momentum"": true, ""volatility"": true}}","{""sharpe"": 0.5331196997489879, ""sortino"": 0.8883744356078457, ""calmar"": 2.773053281257805, ""max_drawdown"": -0.03815138926233939, ""cagr"": 0.13991992499975384, ""profit_factor"": 1.8256651334344267, ""expectancy"": 17.09087431821229, ""win_rate"": 0.5018763847482537, ""num_trades"": 12.318181818181818}",2.984204648598884
d4336c0d,"{""n_components"": 2, ""covariance_type"": ""diag"", ""long_threshold"": 0.55, ""short_threshold"": 0.4, ""xgb_params"": {""max_depth"": 5, ""learning_rate"": 0.05}, ""feature_config"": {""returns"": true, ""trend"": true, ""mean_reversion"": true}}","{""sharpe"": 0.5331196997489879, ""sortino"": 0.8883744356078457, ""calmar"": 2.773053281257805, ""max_drawdown"": -0.03815138926233939, ""cagr"": 0.13991992499975384, ""profit_factor"": 1.8256651334344267, ""expectancy"": 17.09087431821229, ""win_rate"": 0.5018763847482537, ""num_trades"": 12.318181818181818}",2.984204648598884
76afc399,"{""n_components"": 2, ""covariance_type"": ""diag"", ""long_threshold"": 0.55, ""short_threshold"": 0.4, ""xgb_params"": {""max_depth"": 5, ""learning_rate"": 0.05}, ""feature_config"": {""returns"": true, ""momentum"": true, ""trend"": true}}","{""sharpe"": 0.5331196997489879, ""sortino"": 0.8883744356078457, ""calmar"": 2.773053281257805, ""max_drawdown"": -0.03815138926233939, ""cagr"": 0.13991992499975384, ""profit_factor"": 1.8256651334344267, ""expectancy"": 17.09087431821229, ""win_rate"": 0.5018763847482537, ""num_trades"": 12.318181818181818}",2.984204648598884
5d91f099,"{""n_components"": 2, ""covariance_type"": ""diag"", ""long_threshold"": 0.55, ""short_threshold"": 0.35, ""xgb_params"": {""max_depth"": 3, ""learning_rate"": 0.1}, ""feature_config"": {""returns"": true, ""momentum"": true, ""volatility"": true}}","{""sharpe"": 0.5999031751100723, ""sortino"": 1.0811358998968645, ""calmar"": 3.9719073045059488, ""max_drawdown"": -0.03613203958986578, ""cagr"": 0.14625286312815575, ""profit_factor"": 1.9953421880758464, ""expectancy"": 15.146030588142764, ""win_rate"": 0.49023287572576907, ""num_trades"": 12.227272727272727}",3.1283127260823695
ce47c57d,"{""n_components"": 2, ""covariance_type"": ""diag"", ""long_threshold"": 0.55, ""short_threshold"": 0.35, ""xgb_params"": {""max_depth"": 3, ""learning_rate"": 0.1}, ""feature_config"": {""returns"": true, ""trend"": true, ""mean_reversion"": true}}","{""sharpe"": 0.5999031751100723, ""sortino"": 1.0811358998968645, ""calmar"": 3.9719073045059488, ""max_drawdown"": -0.03613203958986578, ""cagr"": 0.14625286312815575, ""profit_factor"": 1.9953421880758464, ""expectancy"": 15.146030588142764, ""win_rate"": 0.49023287572576907, ""num_trades"": 12.227272727272727}",3.1283127260823695
735f636d,"{""n_components"": 2, ""covariance_type"": ""diag"", ""long_threshold"": 0.55, ""short_threshold"": 0.35, ""xgb_params"": {""max_depth"": 3, ""learning_rate"": 0.1}, ""feature_config"": {""returns"": true, ""momentum"": true, ""trend"": true}}","{""sharpe"": 0.5999031751100723, ""sortino"": 1.0811358998968645, ""calmar"": 3.9719073045059488, ""max_drawdown"": -0.03613203958986578, ""cagr"": 0.14625286312815575, ""profit_factor"": 1.9953421880758464, ""expectancy"": 15.146030588142764, ""win_rate"": 0.49023287572576907, ""num_trades"": 12.227272727272727}",3.1283127260823695
0a7d19a2,"{""n_components"": 2, ""covariance_type"": ""diag"", ""long_threshold"": 0.55, ""short_threshold"": 0.35, ""xgb_params"": {""max_depth"": 5, ""learning_rate"": 0.05}, ""feature_config"": {""returns"": true, ""momentum"": true, ""volatility"": true}}","{""sharpe"": 0.613160416411063, ""sortino"": 1.1284347523472462, ""calmar"": 3.4275932723866123, ""max_drawdown"": -0.034055924794767024, ""cagr"": 0.13970824620126632, ""profit_factor"": 1.8663014398705753, ""expectancy"": 14.219064524539931, ""win_rate"": 0.5215884679788423, ""num_trades"": 12.227272727272727}",2.9160841870950085
24b48021,"{""n_components"": 2, ""covariance_type"": ""diag"", ""long_threshold"": 0.55, ""short_threshold"": 0.35, ""xgb_params"": {""max_depth"": 5, ""learning_rate"": 0.05}, ""feature_config"": {""returns"": true, ""trend"": true, ""mean_reversion"": true}}","{""sharpe"": 0.613160416411063, ""sortino"": 1.1284347523472462, ""calmar"": 3.4275932723866123, ""max_drawdown"": -0.034055924794767024, ""cagr"": 0.13970824620126632, ""profit_factor"": 1.8663014398705753, ""expectancy"": 14.219064524539931, ""win_rate"": 0.5215884679788423, ""num_trades"": 12.227272727272727}",2.9160841870950085
69c1fb0e,"{""n_components"": 2, ""covariance_type"": ""diag"", ""long_threshold"": 0.55, ""short_threshold"": 0.35, ""xgb_params"": {""max_depth"": 5, ""learning_rate"": 0.05}, ""feature_config"": {""returns"": true, ""momentum"": true, ""trend"": true}}","{""sharpe"": 0.613160416411063, ""sortino"": 1.1284347523472462, ""calmar"": 3.4275932723866123, ""max_drawdown"": -0.034055924794767024, ""cagr"": 0.13970824620126632, ""profit_factor"": 1.8663014398705753, ""expectancy"": 14.219064524539931, ""win_rate"": 0.5215884679788423, ""num_trades"": 12.227272727272727}",2.9160841870950085
774e3de2,"{""n_components"": 2, ""covariance_type"": ""diag"", ""long_threshold"": 0.6, ""short_threshold"": 0.45, ""xgb_params"": {""max_depth"": 3, ""learning_rate"": 0.1}, ""feature_config"": {""returns"": true, ""momentum"": true, ""volatility"": true}}","{""sharpe"": 0.6193986148686138, ""sortino"": 1.2239903458725971, ""calmar"": 4.336080127229037, ""max_drawdown"": -0.036060632956791724, ""cagr"": 0.1436879451945741, ""profit_factor"": 2.1767530863500966, ""expectancy"": 20.759649148493324, ""win_rate"": 0.47241023861837267, ""num_trades"": 11.863636363636363}",3.839378797750462
858708b0,"{""n_components"": 2, ""covariance_type"": ""diag"", ""long_threshold"": 0.6, ""short_threshold"": 0.45, ""xgb_params"": {""max_depth"": 3, ""learning_rate"": 0.1}, ""feature_config"": {""returns"": true, ""trend"": true, ""mean_reversion"": true}}","{""sharpe"": 0.6193986148686138, ""sortino"": 1.2239903458725971, ""calmar"": 4.336080127229037, ""max_drawdown"": -0.036060632956791724, ""cagr"": 0.1436879451945741, ""profit_factor"": 2.1767530863500966, ""expectancy"": 20.759649148493324, ""win_rate"": 0.47241023861837267, ""num_trades"": 11.863636363636363}",3.839378797750462
91d43b71,"{""n_components"": 2, ""covariance_type"": ""diag"", ""long_threshold"": 0.6, ""short_threshold"": 0.45, ""xgb_params"": {""max_depth"": 3, ""learning_rate"": 0.1}, ""feature_config"": {""returns"": true, ""momentum"": true, ""trend"": true}}","{""sharpe"": 0.6193986148686138, ""sortino"": 1.2239903458725971, ""calmar"": 4.336080127229037, ""max_drawdown"": -0.036060632956791724, ""cagr"": 0.1436879451945741, ""profit_factor"": 2.1767530863500966, ""expectancy"": 20.759649148493324, ""win_rate"": 0.47241023861837267, ""num_trades"": 11.863636363636363}",3.839378797750462
eef7b430,"{""n_components"": 2, ""covariance_type"": ""diag"", ""long_threshold"": 0.6, ""short_threshold"": 0.45, ""xgb_params"": {""max_depth"": 5, ""learning_rate"": 0.05}, ""feature_config"": {""returns"": true, ""momentum"": true, ""volatility"": true}}","{""sharpe"": 0.7682852851260928, ""sortino"": 1.142978456565462, ""calmar"": 3.784902579198227, ""max_drawdown"": -0.03682673757075026, ""cagr"": 0.14940609725071374, ""profit_factor"": 2.204529209886879, ""expectancy"": 18.87349562428575, ""win_rate"": 0.5036251849754524, ""num_trades"": 11.636363636363637}",3.563051855668485
de6941ec,"{""n_components"": 2, ""covariance_type"": ""diag"", ""long_threshold"": 0.6, ""short_threshold"": 0.45, ""xgb_params"": {""max_depth"": 5, ""learning_rate"": 0.05}, ""feature_config"": {""returns"": true, ""trend"": true, ""mean_reversion"": true}}","{""sharpe"": 0.7682852851260928, ""sortino"": 1.142978456565462, ""calmar"": 3.784902579198227, ""max_drawdown"": -0.03682673757075026, ""cagr"": 0.14940609725071374, ""profit_factor"": 2.204529209886879, ""expectancy"": 18.87349562428575, ""win_rate"": 0.5036251849754524, ""num_trades"": 11.636363636363637}",3.563051855668485
ef78ded3,"{""n_components"": 2, ""covariance_type"": ""diag"", ""long_threshold"": 0.6, ""short_threshold"": 0.45, ""xgb_params"": {""max_depth"": 5, ""learning_rate"": 0.05}, ""feature_config"": {""returns"": true, ""momentum"": true, ""trend"": true}}","{""sharpe"": 0.7682852851260928, ""sortino"": 1.142978456565462, ""calmar"": 3.784902579198227, ""max_drawdown"": -0.03682673757075026, ""cagr"": 0.14940609725071374, ""profit_factor"": 2.204529209886879, ""expectancy"": 18.87349562428575, ""win_rate"": 0.5036251849754524, ""num_trades"": 11.636363636363637}",3.563051855668485
3f0bf8fc,"{""n_components"": 2, ""covariance_type"": ""diag"", ""long_threshold"": 0.6, ""short_threshold"": 0.4, ""xgb_params"": {""max_depth"": 3, ""learning_rate"": 0.1}, ""feature_config"": {""returns"": true, ""momentum"": true, ""volatility"": true}}","{""sharpe"": 0.6238401804130324, ""sortino"": 1.6192455812386088, ""calmar"": 4.389962390203585, ""max_drawdown"": -0.03620332222493517, ""cagr"": 0.14828849965632465, ""profit_factor"": 2.464370699574599, ""expectancy"": 21.148066285643573, ""win_rate"": 0.4812798906381795, ""num_trades"": 11.863636363636363}",4.0464446869329045
482aa760,"{""n_components"": 2, ""covariance_type"": ""diag"", ""long_threshold"": 0.6, ""short_threshold"": 0.4, ""xgb_params"": {""max_depth"": 3, ""learning_rate"": 0.1}, ""feature_config"": {""returns"": true, ""trend"": true, ""mean_reversion"": true}}","{""sharpe"": 0.6238401804130324, ""sortino"": 1.6192455812386088, ""calmar"": 4.389962390203585, ""max_drawdown"": -0.03620332222493517, ""cagr"": 0.14828849965632465, ""profit_factor"": 2.464370699574599, ""expectancy"": 21.148066285643573, ""win_rate"": 0.4812798906381795, ""num_trades"": 11.863636363636363}",4.0464446869329045
d7ca41f8,"{""n_components"": 2, ""covariance_type"": ""diag"", ""long_threshold"": 0.6, ""short_threshold"": 0.4, ""xgb_params"": {""max_depth"": 3, ""learning_rate"": 0.1}, ""feature_config"": {""returns"": true, ""momentum"": true, ""trend"": true}}","{""sharpe"": 0.6238401804130324, ""sortino"": 1.6192455812386088, ""calmar"": 4.389962390203585, ""max_drawdown"": -0.03620332222493517, ""cagr"": 0.14828849965632465, ""profit_factor"": 2.464370699574599, ""expectancy"": 21.148066285643573, ""win_rate"": 0.4812798906381795, ""num_trades"": 11.863636363636363}",4.0464446869329045
6e929c20,"{""n_components"": 2, ""covariance_type"": ""diag"", ""long_threshold"": 0.6, ""short_threshold"": 0.4, ""xgb_params"": {""max_depth"": 5, ""learning_rate"": 0.05}, ""feature_config"": {""returns"": true, ""momentum"": true, ""volatility"": true}}","{""sharpe"": 0.7687459778133441, ""sortino"": 1.181164716343305, ""calmar"": 3.699369432877484, ""max_drawdown"": -0.03518674661735597, ""cagr"": 0.15112670099092507, ""profit_factor"": 2.3950330971755207, ""expectancy"": 19.967166325637447, ""win_rate"": 0.5090288499379408, ""num_trades"": 11.772727272727273}",3.703074812113508
95c580bb,"{""n_components"": 2, ""covariance_type"": ""diag"", ""long_threshold"": 0.6, ""short_threshold"": 0.4, ""xgb_params"": {""max_depth"": 5, ""learning_rate"": 0.05}, ""feature_config"": {""returns"": true, ""trend"": true, ""mean_reversion"": true}}","{""sharpe"": 0.7687459778133441, ""sortino"": 1.181164716343305, ""calmar"": 3.699369432877484, ""max_drawdown"": -0.03518674661735597, ""cagr"": 0.15112670099092507, ""profit_factor"": 2.3950330971755207, ""expectancy"": 19.967166325637447, ""win_rate"": 0.5090288499379408, ""num_trades"": 11.772727272727273}",3.703074812113508
ef0ee410,"{""n_components"": 2, ""covariance_type"": ""diag"", ""long_threshold"": 0.6, ""short_threshold"": 0.4, ""xgb_params"": {""max_depth"": 5, ""learning_rate"": 0.05}, ""feature_config"": {""returns"": true, ""momentum"": true, ""trend"": true}}","{""sharpe"": 0.7687459778133441, ""sortino"": 1.181164716343305, ""calmar"": 3.699369432877484, ""max_drawdown"": -0.03518674661735597, ""cagr"": 0.15112670099092507, ""profit_factor"": 2.3950330971755207, ""expectancy"": 19.967166325637447, ""win_rate"": 0.5090288499379408, ""num_trades"": 11.772727272727273}",3.703074812113508
211d822a,"{""n_components"": 2, ""covariance_type"": ""diag"", ""long_threshold"": 0.6, ""short_threshold"": 0.35, ""xgb_params"": {""max_depth"": 3, ""learning_rate"": 0.1}, ""feature_config"": {""returns"": true, ""momentum"": true, ""volatility"": true}}","{""sharpe"": 0.6816843196198491, ""sortino"": 1.6497333718848033, ""calmar"": 4.699301984330533, ""max_drawdown"": -0.033557002032476024, ""cagr"": 0.1536930725652602, ""profit_factor"": 2.268737208294017, ""expectancy"": 13.768007750675224, ""win_rate"": 0.4822566986442585, ""num_trades"": 11.545454545454545}",3.3532630364685954
ef9f83b8,"{""n_components"": 2, ""covariance_type"": ""diag"", ""long_threshold"": 0.6, ""short_threshold"": 0.35, ""xgb_params"": {""max_depth"": 3, ""learning_rate"": 0.1}, ""feature_config"": {""returns"": true, ""trend"": true, ""mean_reversion"": true}}","{""sharpe"": 0.6816843196198491, ""sortino"": 1.6497333718848033, ""calmar"": 4.699301984330533, ""max_drawdown"": -0.033557002032476024, ""cagr"": 0.1536930725652602, ""profit_factor"": 2.268737208294017, ""expectancy"": 13.768007750675224, ""win_rate"": 0.4822566986442585, ""num_trades"": 11.545454545454545}",3.3532630364685954
a52ae812,"{""n_components"": 2, ""covariance_type"": ""diag"", ""long_threshold"": 0.6, ""short_threshold"": 0.35, ""xgb_params"": {""max_depth"": 3, ""learning_rate"": 0.1}, ""feature_config"": {""returns"": true, ""momentum"": true, ""trend"": true}}","{""sharpe"": 0.6816843196198491, ""sortino"": 1.6497333718848033, ""calmar"": 4.699301984330533, ""max_drawdown"": -0.033557002032476024, ""cagr"": 0.1536930725652602, ""profit_factor"": 2.268737208294017, ""expectancy"": 13.768007750675224, ""win_rate"": 0.4822566986442585, ""num_trades"": 11.545454545454545}",3.3532630364685954
abe256d3,"{""n_components"": 2, ""covariance_type"": ""diag"", ""long_threshold"": 0.6, ""short_threshold"": 0.35, ""xgb_params"": {""max_depth"": 5, ""learning_rate"": 0.05}, ""feature_config"": {""returns"": true, ""momentum"": true, ""volatility"": true}}","{""sharpe"": 0.8579885236898399, ""sortino"": 1.4241043490618992, ""calmar"": 4.652916139680013, ""max_drawdown"": -0.031491804019039865, ""cagr"": 0.1507845465803343, ""profit_factor"": 2.3992623206177424, ""expectancy"": 17.048381578059676, ""win_rate"": 0.5283319250565239, ""num_trades"": 11.681818181818182}",3.6857970680534535
00c77a26,"{""n_components"": 2, ""covariance_type"": ""diag"", ""long_threshold"": 0.6, ""short_threshold"": 0.35, ""xgb_params"": {""max_depth"": 5, ""learning_rate"": 0.05}, ""feature_config"": {""returns"": true, ""trend"": true, ""mean_reversion"": true}}","{""sharpe"": 0.8579885236898399, ""sortino"": 1.4241043490618992, ""calmar"": 4.652916139680013, ""max_drawdown"": -0.031491804019039865, ""cagr"": 0.1507845465803343, ""profit_factor"": 2.3992623206177424, ""expectancy"": 17.048381578059676, ""win_rate"": 0.5283319250565239, ""num_trades"": 11.681818181818182}",3.6857970680534535
2521bda1,"{""n_components"": 2, ""covariance_type"": ""diag"", ""long_threshold"": 0.6, ""short_threshold"": 0.35, ""xgb_params"": {""max_depth"": 5, ""learning_rate"": 0.05}, ""feature_config"": {""returns"": true, ""momentum"": true, ""trend"": true}}","{""sharpe"": 0.8579885236898399, ""sortino"": 1.4241043490618992, ""calmar"": 4.652916139680013, ""max_drawdown"": -0.031491804019039865, ""cagr"": 0.1507845465803343, ""profit_factor"": 2.3992623206177424, ""expectancy"": 17.048381578059676, ""win_rate"": 0.5283319250565239, ""num_trades"": 11.681818181818182}",3.6857970680534535
69003a72,"{""n_components"": 2, ""covariance_type"": ""diag"", ""long_threshold"": 0.65, ""short_threshold"": 0.45, ""xgb_params"": {""max_depth"": 3, ""learning_rate"": 0.1}, ""feature_config"": {""returns"": true, ""momentum"": true, ""volatility"": true}}","{""sharpe"": 0.5331672492092064, ""sortino"": 1.104246107767153, ""calmar"": 4.595440158595067, ""max_drawdown"": -0.03575657491296531, ""cagr"": 0.1382111929286814, ""profit_factor"": 2.148098142715032, ""expectancy"": 19.271975314511153, ""win_rate"": 0.4751230307204132, ""num_trades"": 11.318181818181818}",3.685258530957225
fd2dcca7,"{""n_components"": 2, ""covariance_type"": ""diag"", ""long_threshold"": 0.65, ""short_threshold"": 0.45, ""xgb_params"": {""max_depth"": 3, ""learning_rate"": 0.1}, ""feature_config"": {""returns"": true, ""trend"": true, ""mean_reversion"": true}}","{""sharpe"": 0.5331672492092064, ""sortino"": 1.104246107767153, ""calmar"": 4.595440158595067, ""max_drawdown"": -0.03575657491296531, ""cagr"": 0.1382111929286814, ""profit_factor"": 2.148098142715032, ""expectancy"": 19.271975314511153, ""win_rate"": 0.4751230307204132, ""num_trades"": 11.318181818181818}",3.685258530957225
d85b4208,"{""n_components"": 2, ""covariance_type"": ""diag"", ""long_threshold"": 0.65, ""short_threshold"": 0.45, ""xgb_params"": {""max_depth"": 3, ""learning_rate"": 0.1}, ""feature_config"": {""returns"": true, ""momentum"": true, ""trend"": true}}","{""sharpe"": 0.5331672492092064, ""sortino"": 1.104246107767153, ""calmar"": 4.595440158595067, ""max_drawdown"": -0.03575657491296531, ""cagr"": 0.1382111929286814, ""profit_factor"": 2.148098142715032, ""expectancy"": 19.271975314511153, ""win_rate"": 0.4751230307204132, ""num_trades"": 11.318181818181818}",3.685258530957225
37ec2142,"{""n_components"": 2, ""covariance_type"": ""diag"", ""long_threshold"": 0.65, ""short_threshold"": 0.45, ""xgb_params"": {""max_depth"": 5, ""learning_rate"": 0.05}, ""feature_config"": {""returns"": true, ""momentum"": true, ""volatility"": true}}","{""sharpe"": 0.6223586099503292, ""sortino"": 4.106363697521707, ""calmar"": 4.780637934005507, ""max_drawdown"": -0.03612724232149986, ""cagr"": 0.1345588307388944, ""profit_factor"": 1.9731528632103348, ""expectancy"": 18.330088830241923, ""win_rate"": 0.4856035847381188, ""num_trades"": 10.863636363636363}",4.36594761933537
d0013adf,"{""n_components"": 2, ""covariance_type"": ""diag"", ""long_threshold"": 0.65, ""short_threshold"": 0.45, ""xgb_params"": {""max_depth"": 5, ""learning_rate"": 0.05}, ""feature_config"": {""returns"": true, ""trend"": true, ""mean_reversion"": true}}","{""sharpe"": 0.6223586099503292, ""sortino"": 4.106363697521707, ""calmar"": 4.780637934005507, ""max_drawdown"": -0.03612724232149986, ""cagr"": 0.1345588307388944, ""profit_factor"": 1.9731528632103348, ""expectancy"": 18.330088830241923, ""win_rate"": 0.4856035847381188, ""num_trades"": 10.863636363636363}",4.36594761933537
02dd54d9,"{""n_components"": 2, ""covariance_type"": ""diag"", ""long_threshold"": 0.65, ""short_threshold"": 0.45, ""xgb_params"": {""max_depth"": 5, ""learning_rate"": 0.05}, ""feature_config"": {""returns"": true, ""momentum"": true, ""trend"": true}}","{""sharpe"": 0.6223586099503292, ""sortino"": 4.106363697521707, ""calmar"": 4.780637934005507, ""max_drawdown"": -0.03612724232149986, ""cagr"": 0.1345588307388944, ""profit_factor"": 1.9731528632103348, ""expectancy"": 18.330088830241923, ""win_rate"": 0.4856035847381188, ""num_trades"": 10.863636363636363}",4.36594761933537
f3a3fc14,"{""n_components"": 2, ""covariance_type"": ""diag"", ""long_threshold"": 0.65, ""short_threshold"": 0.4, ""xgb_params"": {""max_depth"": 3, ""learning_rate"": 0.1}, ""feature_config"": {""returns"": true, ""momentum"": true, ""volatility"": true}}","{""sharpe"": 0.5370697960120494, ""sortino"": 1.482755711154764, ""calmar"": 4.683385290736149, ""max_drawdown"": -0.035524779393666946, ""cagr"": 0.14229449056688906, ""profit_factor"": 2.3271600466511337, ""expectancy"": 19.037673424173008, ""win_rate"": 0.4827424725257543, ""num_trades"": 11.318181818181818}",3.810832786686461
b3029c77,"{""n_components"": 2, ""covariance_type"": ""diag"", ""long_threshold"": 0.65, ""short_threshold"": 0.4, ""xgb_params"": {""max_depth"": 3, ""learning_rate"": 0.1}, ""feature_config"": {""returns"": true, ""trend"": true, ""mean_reversion"": true}}","{""sharpe"": 0.5370697960120494, ""sortino"": 1.482755711154764, ""calmar"": 4.683385290736149, ""max_drawdown"": -0.035524779393666946, ""cagr"": 0.14229449056688906, ""profit_factor"": 2.3271600466511337, ""expectancy"": 19.037673424173008, ""win_rate"": 0.4827424725257543, ""num_trades"": 11.318181818181818}",3.810832786686461
d78f54c1,"{""n_components"": 2, ""covariance_type"": ""diag"", ""long_threshold"": 0.65, ""short_threshold"": 0.4, ""xgb_params"": {""max_depth"": 3, ""learning_rate"": 0.1}, ""feature_config"": {""returns"": true, ""momentum"": true, ""trend"": true}}","{""sharpe"": 0.5370697960120494, ""sortino"": 1.482755711154764, ""calmar"": 4.683385290736149, ""max_drawdown"": -0.035524779393666946, ""cagr"": 0.14229449056688906, ""profit_factor"": 2.3271600466511337, ""expectancy"": 19.037673424173008, ""win_rate"": 0.4827424725257543, ""num_trades"": 11.318181818181818}",3.810832786686461
6222e66a,"{""n_components"": 2, ""covariance_type"": ""diag"", ""long_threshold"": 0.65, ""short_threshold"": 0.4, ""xgb_params"": {""max_depth"": 5, ""learning_rate"": 0.05}, ""feature_config"": {""returns"": true, ""momentum"": true, ""volatility"": true}}","{""sharpe"": 0.6276287516077894, ""sortino"": 4.138274522688976, ""calmar"": 4.70280869732866, ""max_drawdown"": -0.03410190484480577, ""cagr"": 0.13584081924469604, ""profit_factor"": 2.084304794700424, ""expectancy"": 18.959363932852643, ""win_rate"": 0.4885298895994083, ""num_trades"": 11.0}",4.444834910265272
3883406d,"{""n_components"": 2, ""covariance_type"": ""diag"", ""long_threshold"": 0.65, ""short_threshold"": 0.4, ""xgb_params"": {""max_depth"": 5, ""learning_rate"": 0.05}, ""feature_config"": {""returns"": true, ""trend"": true, ""mean_reversion"": true}}","{""sharpe"": 0.6276287516077894, ""sortino"": 4.138274522688976, ""calmar"": 4.70280869732866, ""max_drawdown"": -0.03410190484480577, ""cagr"": 0.13584081924469604, ""profit_factor"": 2.084304794700424, ""expectancy"": 18.959363932852643, ""win_rate"": 0.4885298895994083, ""num_trades"": 11.0}",4.444834910265272
b59ff653,"{""n_components"": 2, ""covariance_type"": ""diag"", ""long_threshold"": 0.65, ""short_threshold"": 0.4, ""xgb_params"": {""max_depth"": 5, ""learning_rate"": 0.05}, ""feature_config"": {""returns"": true, ""momentum"": true, ""trend"": true}}","{""sharpe"": 0.6276287516077894, ""sortino"": 4.138274522688976, ""calmar"": 4.70280869732866, ""max_drawdown"": -0.03410190484480577, ""cagr"": 0.13584081924469604, ""profit_factor"": 2.084304794700424, ""expectancy"": 18.959363932852643, ""win_rate"": 0.4885298895994083, ""num_trades"": 11.0}",4.444834910265272
f326a420,"{""n_components"": 2, ""covariance_type"": ""diag"", ""long_threshold"": 0.65, ""short_threshold"": 0.35, ""xgb_params"": {""max_depth"": 3, ""learning_rate"": 0.1}, ""feature_config"": {""returns"": true, ""momentum"": true, ""volatility"": true}}","{""sharpe"": 0.5998120597442888, ""sortino"": 1.5157820417341676, ""calmar"": 4.963678052338388, ""max_drawdown"": -0.032673777964697226, ""cagr"": 0.14730281144737686, ""profit_factor"": 2.032903676750014, ""expectancy"": 11.864989851958551, ""win_rate"": 0.48305267964358883, ""num_trades"": 11.0}",3.11471385638315
647c8e63,"{""n_components"": 2, ""covariance_type"": ""diag"", ""long_threshold"": 0.65, ""short_threshold"": 0.35, ""xgb_params"": {""max_depth"": 3, ""learning_rate"": 0.1}, ""feature_config"": {""returns"": true, ""trend"": true, ""mean_reversion"": true}}","{""sharpe"": 0.5998120597442888, ""sortino"": 1.5157820417341676, ""calmar"": 4.963678052338388, ""max_drawdown"": -0.032673777964697226, ""cagr"": 0.14730281144737686, ""profit_factor"": 2.032903676750014, ""expectancy"": 11.864989851958551, ""win_rate"": 0.48305267964358883, ""num_trades"": 11.0}",3.11471385638315
4bdecb94,"{""n_components"": 2, ""covariance_type"": ""diag"", ""long_threshold"": 0.65, ""short_threshold"": 0.35, ""xgb_params"": {""max_depth"": 3, ""learning_rate"": 0.1}, ""feature_config"": {""returns"": true, ""momentum"": true, ""trend"": true}}","{""sharpe"": 0.5998120597442888, ""sortino"": 1.5157820417341676, ""calmar"": 4.963678052338388, ""max_drawdown"": -0.032673777964697226, ""cagr"": 0.14730281144737686, ""profit_factor"": 2.032903676750014, ""expectancy"": 11.864989851958551, ""win_rate"": 0.48305267964358883, ""num_trades"": 11.0}",3.11471385638315
903f30c8,"{""n_components"": 2, ""covariance_type"": ""diag"", ""long_threshold"": 0.65, ""short_threshold"": 0.35, ""xgb_params"": {""max_depth"": 5, ""learning_rate"": 0.05}, ""feature_config"": {""returns"": true, ""momentum"": true, ""volatility"": true}}","{""sharpe"": 0.7193829781489777, ""sortino"": 4.357238881977308, ""calmar"": 5.355901372560245, ""max_drawdown"": -0.030373462353417566, ""cagr"": 0.1350568480067399, ""profit_factor"": 2.067742829217068, ""expectancy"": 16.125772902674328, ""win_rate"": 0.5090636598992213, ""num_trades"": 10.909090909090908}",4.366461595654467
d092b16c,"{""n_components"": 2, ""covariance_type"": ""diag"", ""long_threshold"": 0.65, ""short_threshold"": 0.35, ""xgb_params"": {""max_depth"": 5, ""learning_rate"": 0.05}, ""feature_config"": {""returns"": true, ""trend"": true, ""mean_reversion"": true}}","{""sharpe"": 0.7193829781489777, ""sortino"": 4.357238881977308, ""calmar"": 5.355901372560245, ""max_drawdown"": -0.030373462353417566, ""cagr"": 0.1350568480067399, ""profit_factor"": 2.067742829217068, ""expectancy"": 16.125772902674328, ""win_rate"": 0.5090636598992213, ""num_trades"": 10.909090909090908}",4.366461595654467
d1f54a43,"{""n_components"": 2, ""covariance_type"": ""diag"", ""long_threshold"": 0.65, ""short_threshold"": 0.35, ""xgb_params"": {""max_depth"": 5, ""learning_rate"": 0.05}, ""feature_config"": {""returns"": true, ""momentum"": true, ""trend"": true}}","{""sharpe"": 0.7193829781489777, ""sortino"": 4.357238881977308, ""calmar"": 5.355901372560245, ""max_drawdown"": -0.030373462353417566, ""cagr"": 0.1350568480067399, ""profit_factor"": 2.067742829217068, ""expectancy"": 16.125772902674328, ""win_rate"": 0.5090636598992213, ""num_trades"": 10.909090909090908}",4.366461595654467
76aad59b,"{""n_components"": 3, ""covariance_type"": ""diag"", ""long_threshold"": 0.55, ""short_threshold"": 0.45, ""xgb_params"": {""max_depth"": 3, ""learning_rate"": 0.1}, ""feature_config"": {""returns"": true, ""momentum"": true, ""volatility"": true}}","{""sharpe"": 0.89507311753305, ""sortino"": 1.717314491308492, ""calmar"": 5.772054504066197, ""max_drawdown"": -0.03084716709365445, ""cagr"": 0.06986947106477535, ""profit_factor"": 1.5594749157436731, ""expectancy"": 11.15901221560503, ""win_rate"": 0.4851675174201912, ""num_trades"": 9.954545454545455}",3.2353040077328625
dd9dec12,"{""n_components"": 3, ""covariance_type"": ""diag"", ""long_threshold"": 0.55, ""short_threshold"": 0.45, ""xgb_params"": {""max_depth"": 3, ""learning_rate"": 0.1}, ""feature_config"": {""returns"": true, ""trend"": true, ""mean_reversion"": true}}","{""sharpe"": 0.89507311753305, ""sortino"": 1.717314491308492, ""calmar"": 5.772054504066197, ""max_drawdown"": -0.03084716709365445, ""cagr"": 0.06986947106477535, ""profit_factor"": 1.5594749157436731, ""expectancy"": 11.15901221560503, ""win_rate"": 0.4851675174201912, ""num_trades"": 9.954545454545455}",3.2353040077328625
9bd384ea,"{""n_components"": 3, ""covariance_type"": ""diag"", ""long_threshold"": 0.55, ""short_threshold"": 0.45, ""xgb_params"": {""max_depth"": 3, ""learning_rate"": 0.1}, ""feature_config"": {""returns"": true, ""momentum"": true, ""trend"": true}}","{""sharpe"": 0.89507311753305, ""sortino"": 1.717314491308492, ""calmar"": 5.772054504066197, ""max_drawdown"": -0.03084716709365445, ""cagr"": 0.06986947106477535, ""profit_factor"": 1.5594749157436731, ""expectancy"": 11.15901221560503, ""win_rate"": 0.4851675174201912, ""num_trades"": 9.954545454545455}",3.2353040077328625
672d8394,"{""n_components"": 3, ""covariance_type"": ""diag"", ""long_threshold"": 0.55, ""short_threshold"": 0.45, ""xgb_params"": {""max_depth"": 5, ""learning_rate"": 0.05}, ""feature_config"": {""returns"": true, ""momentum"": true, ""volatility"": true}}","{""sharpe"": 0.9025337397210754, ""sortino"": 2.0112908054208254, ""calmar"": 6.864565381244293, ""max_drawdown"": -0.030378549991199946, ""cagr"": 0.0694275265589665, ""profit_factor"": 1.9108696021781382, ""expectancy"": 5.13052599176508, ""win_rate"": 0.4748664548464014, ""num_trades"": 9.590909090909092}",2.9965957321464693
8d167a00,"{""n_components"": 3, ""covariance_type"": ""diag"", ""long_threshold"": 0.55, ""short_threshold"": 0.45, ""xgb_params"": {""max_depth"": 5, ""learning_rate"": 0.05}, ""feature_config"": {""returns"": true, ""trend"": true, ""mean_reversion"": true}}","{""sharpe"": 0.9025337397210754, ""sortino"": 2.0112908054208254, ""calmar"": 6.864565381244293, ""max_drawdown"": -0.030378549991199946, ""cagr"": 0.0694275265589665, ""profit_factor"": 1.9108696021781382, ""expectancy"": 5.13052599176508, ""win_rate"": 0.4748664548464014, ""num_trades"": 9.590909090909092}",2.9965957321464693
0e874fcb,"{""n_components"": 3, ""covariance_type"": ""diag"", ""long_threshold"": 0.55, ""short_threshold"": 0.45, ""xgb_params"": {""max_depth"": 5, ""learning_rate"": 0.05}, ""feature_config"": {""returns"": true, ""momentum"": true, ""trend"": true}}","{""sharpe"": 0.9025337397210754, ""sortino"": 2.0112908054208254, ""calmar"": 6.864565381244293, ""max_drawdown"": -0.030378549991199946, ""cagr"": 0.0694275265589665, ""profit_factor"": 1.9108696021781382, ""expectancy"": 5.13052599176508, ""win_rate"": 0.4748664548464014, ""num_trades"": 9.590909090909092}",2.9965957321464693
06fb609c,"{""n_components"": 3, ""covariance_type"": ""diag"", ""long_threshold"": 0.55, ""short_threshold"": 0.4, ""xgb_params"": {""max_depth"": 3, ""learning_rate"": 0.1}, ""feature_config"": {""returns"": true, ""momentum"": true, ""volatility"": true}}","{""sharpe"": 1.0327795048475326, ""sortino"": 2.1450798216700004, ""calmar"": 6.619883603972073, ""max_drawdown"": -0.027429644553138108, ""cagr"": 0.07850742446847685, ""profit_factor"": 1.5622053206367215, ""expectancy"": 10.083699274350487, ""win_rate"": 0.49368050250403184, ""num_trades"": 9.863636363636363}",3.439252543986191
a2e14ea6,"{""n_components"": 3, ""covariance_type"": ""diag"", ""long_threshold"": 0.55, ""short_threshold"": 0.4, ""xgb_params"": {""max_depth"": 3, ""learning_rate"": 0.1}, ""feature_config"": {""returns"": true, ""trend"": true, ""mean_reversion"": true}}","{""sharpe"": 1.0327795048475326, ""sortino"": 2.1450798216700004, ""calmar"": 6.619883603972073, ""max_drawdown"": -0.027429644553138108, ""cagr"": 0.07850742446847685, ""profit_factor"": 1.5622053206367215, ""expectancy"": 10.083699274350487, ""win_rate"": 0.49368050250403184, ""num_trades"": 9.863636363636363}",3.439252543986191
38746a54,"{""n_components"": 3, ""covariance_type"": ""diag"", ""long_threshold"": 0.55, ""short_threshold"": 0.4, ""xgb_params"": {""max_depth"": 3, ""learning_rate"": 0.1}, ""feature_config"": {""returns"": true, ""momentum"": true, ""trend"": true}}","{""sharpe"": 1.0327795048475326, ""sortino"": 2.1450798216700004, ""calmar"": 6.619883603972073, ""max_drawdown"": -0.027429644553138108, ""cagr"": 0.07850742446847685, ""profit_factor"": 1.5622053206367215, ""expectancy"": 10.083699274350487, ""win_rate"": 0.49368050250403184, ""num_trades"": 9.863636363636363}",3.439252543986191
bc7ef64a,"{""n_components"": 3, ""covariance_type"": ""diag"", ""long_threshold"": 0.55, ""short_threshold"": 0.4, ""xgb_params"": {""max_depth"": 5, ""learning_rate"": 0.05}, ""feature_config"": {""returns"": true, ""momentum"": true, ""volatility"": true}}","{""sharpe"": 0.869014267261899, ""sortino"": 1.9740125670223507, ""calmar"": 6.77507673336595, ""max_drawdown"": -0.028760800489281604, ""cagr"": 0.06822986210463182, ""profit_factor"": 1.7641775606645276, ""expectancy"": 3.1386611533487496, ""win_rate"": 0.4827331318801326, ""num_trades"": 9.590909090909092}",2.7324736827120333
37728edb,"{""n_components"": 3, ""covariance_type"": ""diag"", ""long_threshold"": 0.55, ""short_threshold"": 0.4, ""xgb_params"": {""max_depth"": 5, ""learning_rate"": 0.05}, ""feature_config"": {""returns"": true, ""trend"": true, ""mean_reversion"": true}}","{""sharpe"": 0.869014267261899, ""sortino"": 1.9740125670223507, ""calmar"": 6.77507673336595, ""max_drawdown"": -0.028760800489281604, ""cagr"": 0.06822986210463182, ""profit_factor"": 1.7641775606645276, ""expectancy"": 3.1386611533487496, ""win_rate"": 0.4827331318801326, ""num_trades"": 9.590909090909092}",2.7324736827120333
154c2e85,"{""n_components"": 3, ""covariance_type"": ""diag"", ""long_threshold"": 0.55, ""short_threshold"": 0.4, ""xgb_params"": {""max_depth"": 5, ""learning_rate"": 0.05}, ""feature_config"": {""returns"": true, ""momentum"": true, ""trend"": true}}","{""sharpe"": 0.869014267261899, ""sortino"": 1.9740125670223507, ""calmar"": 6.77507673336595, ""max_drawdown"": -0.028760800489281604, ""cagr"": 0.06822986210463182, ""profit_factor"": 1.7641775606645276, ""expectancy"": 3.1386611533487496, ""win_rate"": 0.4827331318801326, ""num_trades"": 9.590909090909092}",2.7324736827120333
a2ae4ba7,"{""n_components"": 3, ""covariance_type"": ""diag"", ""long_threshold"": 0.55, ""short_threshold"": 0.35, ""xgb_params"": {""max_depth"": 3, ""learning_rate"": 0.1}, ""feature_config"": {""returns"": true, ""momentum"": true, ""volatility"": true}}","{""sharpe"": 0.9056198968304847, ""sortino"": 1.785454934051897, ""calmar"": 5.4367980717672175, ""max_drawdown"": -0.027699895602778853, ""cagr"": 0.06295259168694337, ""profit_factor"": 1.5993135659658761, ""expectancy"": 14.469291508894008, ""win_rate"": 0.5031257120072911, ""num_trades"": 9.772727272727273}",3.5269201861566155
1b16d98e,"{""n_components"": 3, ""covariance_type"": ""diag"", ""long_threshold"": 0.55, ""short_threshold"": 0.35, ""xgb_params"": {""max_depth"": 3, ""learning_rate"": 0.1}, ""feature_config"": {""returns"": true, ""trend"": true, ""mean_reversion"": true}}","{""sharpe"": 0.9056198968304847, ""sortino"": 1.785454934051897, ""calmar"": 5.4367980717672175, ""max_drawdown"": -0.027699895602778853, ""cagr"": 0.06295259168694337, ""profit_factor"": 1.5993135659658761, ""expectancy"": 14.469291508894008, ""win_rate"": 0.5031257120072911, ""num_trades"": 9.772727272727273}",3.5269201861566155
5bc9db7e,"{""n_components"": 3, ""covariance_type"": ""diag"", ""long_threshold"": 0.55, ""short_threshold"": 0.35, ""xgb_params"": {""max_depth"": 3, ""learning_rate"": 0.1}, ""feature_config"": {""returns"": true, ""momentum"": true, ""trend"": true}}","{""sharpe"": 0.9056198968304847, ""sortino"": 1.785454934051897, ""calmar"": 5.4367980717672175, ""max_drawdown"": -0.027699895602778853, ""cagr"": 0.06295259168694337, ""profit_factor"": 1.5993135659658761, ""expectancy"": 14.469291508894008, ""win_rate"": 0.5031257120072911, ""num_trades"": 9.772727272727273}",3.5269201861566155
8fd04a97,"{""n_components"": 3, ""covariance_type"": ""diag"", ""long_threshold"": 0.55, ""short_threshold"": 0.35, ""xgb_params"": {""max_depth"": 5, ""learning_rate"": 0.05}, ""feature_config"": {""returns"": true, ""momentum"": true, ""volatility"": true}}","{""sharpe"": 0.9974253546827097, ""sortino"": 2.4626370150853365, ""calmar"": 8.289145258773672, ""max_drawdown"": -0.027838296007499097, ""cagr"": 0.06913535587176897, ""profit_factor"": 2.3529714788366816, ""expectancy"": 9.17286856668018, ""win_rate"": 0.4964859144198558, ""num_trades"": 9.363636363636363}",3.9107257966321
ed28e2bb,"{""n_components"": 3, ""covariance_type"": ""diag"", ""long_threshold"": 0.55, ""short_threshold"": 0.35, ""xgb_params"": {""max_depth"": 5, ""learning_rate"": 0.05}, ""feature_config"": {""returns"": true, ""trend"": true, ""mean_reversion"": true}}","{""sharpe"": 0.9974253546827097, ""sortino"": 2.4626370150853365, ""calmar"": 8.289145258773672, ""max_drawdown"": -0.027838296007499097, ""cagr"": 0.06913535587176897, ""profit_factor"": 2.3529714788366816, ""expectancy"": 9.17286856668018, ""win_rate"": 0.4964859144198558, ""num_trades"": 9.363636363636363}",3.9107257966321
31f86c1b,"{""n_components"": 3, ""covariance_type"": ""diag"", ""long_threshold"": 0.55, ""short_threshold"": 0.35, ""xgb_params"": {""max_depth"": 5, ""learning_rate"": 0.05}, ""feature_config"": {""returns"": true, ""momentum"": true, ""trend"": true}}","{""sharpe"": 0.9974253546827097, ""sortino"": 2.4626370150853365, ""calmar"": 8.289145258773672, ""max_drawdown"": -0.027838296007499097, ""cagr"": 0.06913535587176897, ""profit_factor"": 2.3529714788366816, ""expectancy"": 9.17286856668018, ""win_rate"": 0.4964859144198558, ""num_trades"": 9.363636363636363}",3.9107257966321
d28c8813,"{""n_components"": 3, ""covariance_type"": ""diag"", ""long_threshold"": 0.6, ""short_threshold"": 0.45, ""xgb_params"": {""max_depth"": 3, ""learning_rate"": 0.1}, ""feature_config"": {""returns"": true, ""momentum"": true, ""volatility"": true}}","{""sharpe"": 0.8813493600329118, ""sortino"": 1.7103135801710037, ""calmar"": 5.567006189663162, ""max_drawdown"": -0.029565952720491662, ""cagr"": 0.06019652681856597, ""profit_factor"": 1.6470258400305966, ""expectancy"": 3.5620808150010705, ""win_rate"": 0.4840160470842289, ""num_trades"": 9.318181818181818}",2.4469302224898377
b00972f5,"{""n_components"": 3, ""covariance_type"": ""diag"", ""long_threshold"": 0.6, ""short_threshold"": 0.45, ""xgb_params"": {""max_depth"": 3, ""learning_rate"": 0.1}, ""feature_config"": {""returns"": true, ""trend"": true, ""mean_reversion"": true}}","{""sharpe"": 0.8813493600329118, ""sortino"": 1.7103135801710037, ""calmar"": 5.567006189663162, ""max_drawdown"": -0.029565952720491662, ""cagr"": 0.06019652681856597, ""profit_factor"": 1.6470258400305966, ""expectancy"": 3.5620808150010705, ""win_rate"": 0.4840160470842289, ""num_trades"": 9.318181818181818}",2.4469302224898377
ac4026c3,"{""n_components"": 3, ""covariance_type"": ""diag"", ""long_threshold"": 0.6, ""short_threshold"": 0.45, ""xgb_params"": {""max_depth"": 3, ""learning_rate"": 0.1}, ""feature_config"": {""returns"": true, ""momentum"": true, ""trend"": true}}","{""sharpe"": 0.8813493600329118, ""sortino"": 1.7103135801710037, ""calmar"": 5.567006189663162, ""max_drawdown"": -0.029565952720491662, ""cagr"": 0.06019652681856597, ""profit_factor"": 1.6470258400305966, ""expectancy"": 3.5620808150010705, ""win_rate"": 0.4840160470842289, ""num_trades"": 9.318181818181818}",2.4469302224898377
c76e8b41,"{""n_components"": 3, ""covariance_type"": ""diag"", ""long_threshold"": 0.6, ""short_threshold"": 0.45, ""xgb_params"": {""max_depth"": 5, ""learning_rate"": 0.05}, ""feature_config"": {""returns"": true, ""momentum"": true, ""volatility"": true}}","{""sharpe"": 0.8126179744780441, ""sortino"": 2.093998804005696, ""calmar"": 6.590353886792621, ""max_drawdown"": -0.030429828365529103, ""cagr"": 0.0608831500627595, ""profit_factor"": 2.008392633266621, ""expectancy"": 9.765574375647331, ""win_rate"": 0.4792224115753527, ""num_trades"": 9.136363636363637}",3.422960936197516
b229cc49,"{""n_components"": 3, ""covariance_type"": ""diag"", ""long_threshold"": 0.6, ""short_threshold"": 0.45, ""xgb_params"": {""max_depth"": 5, ""learning_rate"": 0.05}, ""feature_config"": {""returns"": true, ""trend"": true, ""mean_reversion"": true}}","{""sharpe"": 0.8126179744780441, ""sortino"": 2.093998804005696, ""calmar"": 6.590353886792621, ""max_drawdown"": -0.030429828365529103, ""cagr"": 0.0608831500627595, ""profit_factor"": 2.008392633266621, ""expectancy"": 9.765574375647331, ""win_rate"": 0.4792224115753527, ""num_trades"": 9.136363636363637}",3.422960936197516
a9d4430c,"{""n_components"": 3, ""covariance_type"": ""diag"", ""long_threshold"": 0.6, ""short_threshold"": 0.45, ""xgb_params"": {""max_depth"": 5, ""learning_rate"": 0.05}, ""feature_config"": {""returns"": true, ""momentum"": true, ""trend"": true}}","{""sharpe"": 0.8126179744780441, ""sortino"": 2.093998804005696, ""calmar"": 6.590353886792621, ""max_drawdown"": -0.030429828365529103, ""cagr"": 0.0608831500627595, ""profit_factor"": 2.008392633266621, ""expectancy"": 9.765574375647331, ""win_rate"": 0.4792224115753527, ""num_trades"": 9.136363636363637}",3.422960936197516
0a1d4f04,"{""n_components"": 3, ""covariance_type"": ""diag"", ""long_threshold"": 0.6, ""short_threshold"": 0.4, ""xgb_params"": {""max_depth"": 3, ""learning_rate"": 0.1}, ""feature_config"": {""returns"": true, ""momentum"": true, ""volatility"": true}}","{""sharpe"": 1.0581026697078233, ""sortino"": 2.122103061016817, ""calmar"": 6.389935115157703, ""max_drawdown"": -0.026110428323014582, ""cagr"": 0.06892947165137886, ""profit_factor"": 1.5517111564722166, ""expectancy"": 0.263148595399147, ""win_rate"": 0.48959613989694206, ""num_trades"": 9.227272727272727}",2.409695546547059
f51717ae,"{""n_components"": 3, ""covariance_type"": ""diag"", ""long_threshold"": 0.6, ""short_threshold"": 0.4, ""xgb_params"": {""max_depth"": 3, ""learning_rate"": 0.1}, ""feature_config"": {""returns"": true, ""trend"": true, ""mean_reversion"": true}}","{""sharpe"": 1.0581026697078233, ""sortino"": 2.122103061016817, ""calmar"": 6.389935115157703, ""max_drawdown"": -0.026110428323014582, ""cagr"": 0.06892947165137886, ""profit_factor"": 1.5517111564722166, ""expectancy"": 0.263148595399147, ""win_rate"": 0.48959613989694206, ""num_trades"": 9.227272727272727}",2.409695546547059
7f6f7348,"{""n_components"": 3, ""covariance_type"": ""diag"", ""long_threshold"": 0.6, ""short_threshold"": 0.4, ""xgb_params"": {""max_depth"": 3, ""learning_rate"": 0.1}, ""feature_config"": {""returns"": true, ""momentum"": true, ""trend"": true}}","{""sharpe"": 1.0581026697078233, ""sortino"": 2.122103061016817, ""calmar"": 6.389935115157703, ""max_drawdown"": -0.026110428323014582, ""cagr"": 0.06892947165137886, ""profit_factor"": 1.5517111564722166, ""expectancy"": 0.263148595399147, ""win_rate"": 0.48959613989694206, ""num_trades"": 9.227272727272727}",2.409695546547059
f2432bef,"{""n_components"": 3, ""covariance_type"": ""diag"", ""long_threshold"": 0.6, ""short_threshold"": 0.4, ""xgb_params"": {""max_depth"": 5, ""learning_rate"": 0.05}, ""feature_config"": {""returns"": true, ""momentum"": true, ""volatility"": true}}","{""sharpe"": 0.7851447663199025, ""sortino"": 2.103143832753976, ""calmar"": 7.077405565303272, ""max_drawdown"": -0.028434681506884982, ""cagr"": 0.059495612330620375, ""profit_factor"": 2.4571495339569576, ""expectancy"": 7.244809415154074, ""win_rate"": 0.48680203525404764, ""num_trades"": 9.136363636363637}",3.3534641111359234
7b939cb6,"{""n_components"": 3, ""covariance_type"": ""diag"", ""long_threshold"": 0.6, ""short_threshold"": 0.4, ""xgb_params"": {""max_depth"": 5, ""learning_rate"": 0.05}, ""feature_config"": {""returns"": true, ""trend"": true, ""mean_reversion"": true}}","{""sharpe"": 0.7851447663199025, ""sortino"": 2.103143832753976, ""calmar"": 7.077405565303272, ""max_drawdown"": -0.028434681506884982, ""cagr"": 0.059495612330620375, ""profit_factor"": 2.4571495339569576, ""expectancy"": 7.244809415154074, ""win_rate"": 0.48680203525404764, ""num_trades"": 9.136363636363637}",3.3534641111359234
65744dd9,"{""n_components"": 3, ""covariance_type"": ""diag"", ""long_threshold"": 0.6, ""short_threshold"": 0.4, ""xgb_params"": {""max_depth"": 5, ""learning_rate"": 0.05}, ""feature_config"": {""returns"": true, ""momentum"": true, ""trend"": true}}","{""sharpe"": 0.7851447663199025, ""sortino"": 2.103143832753976, ""calmar"": 7.077405565303272, ""max_drawdown"": -0.028434681506884982, ""cagr"": 0.059495612330620375, ""profit_factor"": 2.4571495339569576, ""expectancy"": 7.244809415154074, ""win_rate"": 0.48680203525404764, ""num_trades"": 9.136363636363637}",3.3534641111359234
4b06277f,"{""n_components"": 3, ""covariance_type"": ""diag"", ""long_threshold"": 0.6, ""short_threshold"": 0.35, ""xgb_params"": {""max_depth"": 3, ""learning_rate"": 0.1}, ""feature_config"": {""returns"": true, ""momentum"": true, ""volatility"": true}}","{""sharpe"": 0.8982886577242625, ""sortino"": 1.7212284865546634, ""calmar"": 5.186054377231449, ""max_drawdown"": -0.026381322094462655, ""cagr"": 0.053633441449005545, ""profit_factor"": 1.589221282142512, ""expectancy"": 5.318790736604678, ""win_rate"": 0.4979677519450246, ""num_trades"": 9.136363636363637}",2.5418134916049917
8252531a,"{""n_components"": 3, ""covariance_type"": ""diag"", ""long_threshold"": 0.6, ""short_threshold"": 0.35, ""xgb_params"": {""max_depth"": 3, ""learning_rate"": 0.1}, ""feature_config"": {""returns"": true, ""trend"": true, ""mean_reversion"": true}}","{""sharpe"": 0.8982886577242625, ""sortino"": 1.7212284865546634, ""calmar"": 5.186054377231449, ""max_drawdown"": -0.026381322094462655, ""cagr"": 0.053633441449005545, ""profit_factor"": 1.589221282142512, ""expectancy"": 5.318790736604678, ""win_rate"": 0.4979677519450246, ""num_trades"": 9.136363636363637}",2.5418134916049917
eb837f46,"{""n_components"": 3, ""covariance_type"": ""diag"", ""long_threshold"": 0.6, ""short_threshold"": 0.35, ""xgb_params"": {""max_depth"": 3, ""learning_rate"": 0.1}, ""feature_config"": {""returns"": true, ""momentum"": true, ""trend"": true}}","{""sharpe"": 0.8982886577242625, ""sortino"": 1.7212284865546634, ""calmar"": 5.186054377231449, ""max_drawdown"": -0.026381322094462655, ""cagr"": 0.053633441449005545, ""profit_factor"": 1.589221282142512, ""expectancy"": 5.318790736604678, ""win_rate"": 0.4979677519450246, ""num_trades"": 9.136363636363637}",2.5418134916049917
1d8db3c5,"{""n_components"": 3, ""covariance_type"": ""diag"", ""long_threshold"": 0.6, ""short_threshold"": 0.35, ""xgb_params"": {""max_depth"": 5, ""learning_rate"": 0.05}, ""feature_config"": {""returns"": true, ""momentum"": true, ""volatility"": true}}","{""sharpe"": 0.9047808128465156, ""sortino"": 2.577382802064776, ""calmar"": 8.601143501302941, ""max_drawdown"": -0.027412328530805694, ""cagr"": 0.06051085338059043, ""profit_factor"": 2.766752265904668, ""expectancy"": 12.850348069383701, ""win_rate"": 0.4997799886731775, ""num_trades"": 8.909090909090908}",4.429154864107715
cf72e129,"{""n_components"": 3, ""covariance_type"": ""diag"", ""long_threshold"": 0.6, ""short_threshold"": 0.35, ""xgb_params"": {""max_depth"": 5, ""learning_rate"": 0.05}, ""feature_config"": {""returns"": true, ""trend"": true, ""mean_reversion"": true}}","{""sharpe"": 0.9047808128465156, ""sortino"": 2.577382802064776, ""calmar"": 8.601143501302941, ""max_drawdown"": -0.027412328530805694, ""cagr"": 0.06051085338059043, ""profit_factor"": 2.766752265904668, ""expectancy"": 12.850348069383701, ""win_rate"": 0.4997799886731775, ""num_trades"": 8.909090909090908}",4.429154864107715
844ff899,"{""n_components"": 3, ""covariance_type"": ""diag"", ""long_threshold"": 0.6, ""short_threshold"": 0.35, ""xgb_params"": {""max_depth"": 5, ""learning_rate"": 0.05}, ""feature_config"": {""returns"": true, ""momentum"": true, ""trend"": true}}","{""sharpe"": 0.9047808128465156, ""sortino"": 2.577382802064776, ""calmar"": 8.601143501302941, ""max_drawdown"": -0.027412328530805694, ""cagr"": 0.06051085338059043, ""profit_factor"": 2.766752265904668, ""expectancy"": 12.850348069383701, ""win_rate"": 0.4997799886731775, ""num_trades"": 8.909090909090908}",4.429154864107715
a845cd7b,"{""n_components"": 3, ""covariance_type"": ""diag"", ""long_threshold"": 0.65, ""short_threshold"": 0.45, ""xgb_params"": {""max_depth"": 3, ""learning_rate"": 0.1}, ""feature_config"": {""returns"": true, ""momentum"": true, ""volatility"": true}}","{""sharpe"": 0.8184212329378112, ""sortino"": 1.5380202604243733, ""calmar"": 5.423273341407224, ""max_drawdown"": -0.029417608104801405, ""cagr"": 0.05609930331577282, ""profit_factor"": 2.2617874138244947, ""expectancy"": 6.737599244843006, ""win_rate"": 0.479857263948173, ""num_trades"": 8.636363636363637}",2.7998824488711906
c0a2ecf6,"{""n_components"": 3, ""covariance_type"": ""diag"", ""long_threshold"": 0.65, ""short_threshold"": 0.45, ""xgb_params"": {""max_depth"": 3, ""learning_rate"": 0.1}, ""feature_config"": {""returns"": true, ""trend"": true, ""mean_reversion"": true}}","{""sharpe"": 0.8184212329378112, ""sortino"": 1.5380202604243733, ""calmar"": 5.423273341407224, ""max_drawdown"": -0.029417608104801405, ""cagr"": 0.05609930331577282, ""profit_factor"": 2.2617874138244947, ""expectancy"": 6.737599244843006, ""win_rate"": 0.479857263948173, ""num_trades"": 8.636363636363637}",2.7998824488711906
dc7205c4,"{""n_components"": 3, ""covariance_type"": ""diag"", ""long_threshold"": 0.65, ""short_threshold"": 0.45, ""xgb_params"": {""max_depth"": 3, ""learning_rate"": 0.1}, ""feature_config"": {""returns"": true, ""momentum"": true, ""trend"": true}}","{""sharpe"": 0.8184212329378112, ""sortino"": 1.5380202604243733, ""calmar"": 5.423273341407224, ""max_drawdown"": -0.029417608104801405, ""cagr"": 0.05609930331577282, ""profit_factor"": 2.2617874138244947, ""expectancy"": 6.737599244843006, ""win_rate"": 0.479857263948173, ""num_trades"": 8.636363636363637}",2.7998824488711906
af3b205a,"{""n_components"": 3, ""covariance_type"": ""diag"", ""long_threshold"": 0.65, ""short_threshold"": 0.45, ""xgb_params"": {""max_depth"": 5, ""learning_rate"": 0.05}, ""feature_config"": {""returns"": true, ""momentum"": true, ""volatility"": true}}","{""sharpe"": 0.9291554898211732, ""sortino"": 3.1848591852023973, ""calmar"": 8.836463421423057, ""max_drawdown"": -0.027019973790776673, ""cagr"": 0.05645511572425386, ""profit_factor"": 2.110494843357533, ""expectancy"": 15.0124198283956, ""win_rate"": 0.4884394608659315, ""num_trades"": 8.181818181818182}",4.719137304551571
064cd140,"{""n_components"": 3, ""covariance_type"": ""diag"", ""long_threshold"": 0.65, ""short_threshold"": 0.45, ""xgb_params"": {""max_depth"": 5, ""learning_rate"": 0.05}, ""feature_config"": {""returns"": true, ""trend"": true, ""mean_reversion"": true}}","{""sharpe"": 0.9291554898211732, ""sortino"": 3.1848591852023973, ""calmar"": 8.836463421423057, ""max_drawdown"": -0.027019973790776673, ""cagr"": 0.05645511572425386, ""profit_factor"": 2.110494843357533, ""expectancy"": 15.0124198283956, ""win_rate"": 0.4884394608659315, ""num_trades"": 8.181818181818182}",4.719137304551571
2b55262a,"{""n_components"": 3, ""covariance_type"": ""diag"", ""long_threshold"": 0.65, ""short_threshold"": 0.45, ""xgb_params"": {""max_depth"": 5, ""learning_rate"": 0.05}, ""feature_config"": {""returns"": true, ""momentum"": true, ""trend"": true}}","{""sharpe"": 0.9291554898211732, ""sortino"": 3.1848591852023973, ""calmar"": 8.836463421423057, ""max_drawdown"": -0.027019973790776673, ""cagr"": 0.05645511572425386, ""profit_factor"": 2.110494843357533, ""expectancy"": 15.0124198283956, ""win_rate"": 0.4884394608659315, ""num_trades"": 8.181818181818182}",4.719137304551571
826200b0,"{""n_components"": 3, ""covariance_type"": ""diag"", ""long_threshold"": 0.65, ""short_threshold"": 0.4, ""xgb_params"": {""max_depth"": 3, ""learning_rate"": 0.1}, ""feature_config"": {""returns"": true, ""momentum"": true, ""volatility"": true}}","{""sharpe"": 1.004768669894795, ""sortino"": 1.9861443644959407, ""calmar"": 6.316678301956632, ""max_drawdown"": -0.025910481127474686, ""cagr"": 0.06482989603912813, ""profit_factor"": 2.1200146823973514, ""expectancy"": 1.5560670442567415, ""win_rate"": 0.4810335497835498, ""num_trades"": 8.545454545454545}",2.590673559894155
45d89736,"{""n_components"": 3, ""covariance_type"": ""diag"", ""long_threshold"": 0.65, ""short_threshold"": 0.4, ""xgb_params"": {""max_depth"": 3, ""learning_rate"": 0.1}, ""feature_config"": {""returns"": true, ""trend"": true, ""mean_reversion"": true}}","{""sharpe"": 1.004768669894795, ""sortino"": 1.9861443644959407, ""calmar"": 6.316678301956632, ""max_drawdown"": -0.025910481127474686, ""cagr"": 0.06482989603912813, ""profit_factor"": 2.1200146823973514, ""expectancy"": 1.5560670442567415, ""win_rate"": 0.4810335497835498, ""num_trades"": 8.545454545454545}",2.590673559894155
d9d081df,"{""n_components"": 3, ""covariance_type"": ""diag"", ""long_threshold"": 0.65, ""short_threshold"": 0.4, ""xgb_params"": {""max_depth"": 3, ""learning_rate"": 0.1}, ""feature_config"": {""returns"": true, ""momentum"": true, ""trend"": true}}","{""sharpe"": 1.004768669894795, ""sortino"": 1.9861443644959407, ""calmar"": 6.316678301956632, ""max_drawdown"": -0.025910481127474686, ""cagr"": 0.06482989603912813, ""profit_factor"": 2.1200146823973514, ""expectancy"": 1.5560670442567415, ""win_rate"": 0.4810335497835498, ""num_trades"": 8.545454545454545}",2.590673559894155
3381c207,"{""n_components"": 3, ""covariance_type"": ""diag"", ""long_threshold"": 0.65, ""short_threshold"": 0.4, ""xgb_params"": {""max_depth"": 5, ""learning_rate"": 0.05}, ""feature_config"": {""returns"": true, ""momentum"": true, ""volatility"": true}}","{""sharpe"": 0.8712611571766646, ""sortino"": 3.052998518892107, ""calmar"": 8.95548104461988, ""max_drawdown"": -0.024679318500362715, ""cagr"": 0.05456108234787216, ""profit_factor"": 2.4603573783987844, ""expectancy"": 12.939725899314844, ""win_rate"": 0.49584487150276624, ""num_trades"": 8.181818181818182}",4.558205193552411
df5a4722,"{""n_components"": 3, ""covariance_type"": ""diag"", ""long_threshold"": 0.65, ""short_threshold"": 0.4, ""xgb_params"": {""max_depth"": 5, ""learning_rate"": 0.05}, ""feature_config"": {""returns"": true, ""trend"": true, ""mean_reversion"": true}}","{""sharpe"": 0.8712611571766646, ""sortino"": 3.052998518892107, ""calmar"": 8.95548104461988, ""max_drawdown"": -0.024679318500362715, ""cagr"": 0.05456108234787216, ""profit_factor"": 2.4603573783987844, ""expectancy"": 12.939725899314844, ""win_rate"": 0.49584487150276624, ""num_trades"": 8.181818181818182}",4.558205193552411
690da7e8,"{""n_components"": 3, ""covariance_type"": ""diag"", ""long_threshold"": 0.65, ""short_threshold"": 0.4, ""xgb_params"": {""max_depth"": 5, ""learning_rate"": 0.05}, ""feature_config"": {""returns"": true, ""momentum"": true, ""trend"": true}}","{""sharpe"": 0.8712611571766646, ""sortino"": 3.052998518892107, ""calmar"": 8.95548104461988, ""max_drawdown"": -0.024679318500362715, ""cagr"": 0.05456108234787216, ""profit_factor"": 2.4603573783987844, ""expectancy"": 12.939725899314844, ""win_rate"": 0.49584487150276624, ""num_trades"": 8.181818181818182}",4.558205193552411
40979fd7,"{""n_components"": 3, ""covariance_type"": ""diag"", ""long_threshold"": 0.65, ""short_threshold"": 0.35, ""xgb_params"": {""max_depth"": 3, ""learning_rate"": 0.1}, ""feature_config"": {""returns"": true, ""momentum"": true, ""volatility"": true}}","{""sharpe"": 0.8509980296385897, ""sortino"": 1.5843542923272473, ""calmar"": 5.059259055699271, ""max_drawdown"": -0.02618137489892277, ""cagr"": 0.04945824416843656, ""profit_factor"": 2.1854340885913044, ""expectancy"": 7.126733319171064, ""win_rate"": 0.4912608225108226, ""num_trades"": 8.454545454545455}",2.7704500412666806
8cb080eb,"{""n_components"": 3, ""covariance_type"": ""diag"", ""long_threshold"": 0.65, ""short_threshold"": 0.35, ""xgb_params"": {""max_depth"": 3, ""learning_rate"": 0.1}, ""feature_config"": {""returns"": true, ""trend"": true, ""mean_reversion"": true}}","{""sharpe"": 0.8509980296385897, ""sortino"": 1.5843542923272473, ""calmar"": 5.059259055699271, ""max_drawdown"": -0.02618137489892277, ""cagr"": 0.04945824416843656, ""profit_factor"": 2.1854340885913044, ""expectancy"": 7.126733319171064, ""win_rate"": 0.4912608225108226, ""num_trades"": 8.454545454545455}",2.7704500412666806
63ecd2e8,"{""n_components"": 3, ""covariance_type"": ""diag"", ""long_threshold"": 0.65, ""short_threshold"": 0.35, ""xgb_params"": {""max_depth"": 3, ""learning_rate"": 0.1}, ""feature_config"": {""returns"": true, ""momentum"": true, ""trend"": true}}","{""sharpe"": 0.8509980296385897, ""sortino"": 1.5843542923272473, ""calmar"": 5.059259055699271, ""max_drawdown"": -0.02618137489892277, ""cagr"": 0.04945824416843656, ""profit_factor"": 2.1854340885913044, ""expectancy"": 7.126733319171064, ""win_rate"": 0.4912608225108226, ""num_trades"": 8.454545454545455}",2.7704500412666806
5721e785,"{""n_components"": 3, ""covariance_type"": ""diag"", ""long_threshold"": 0.65, ""short_threshold"": 0.35, ""xgb_params"": {""max_depth"": 5, ""learning_rate"": 0.05}, ""feature_config"": {""returns"": true, ""momentum"": true, ""volatility"": true}}","{""sharpe"": 0.9905519252747216, ""sortino"": 3.2790826996625366, ""calmar"": 10.370627197104298, ""max_drawdown"": -0.023653682352805305, ""cagr"": 0.055710595417818226, ""profit_factor"": 2.646041923293554, ""expectancy"": 19.234082530097258, ""win_rate"": 0.50968103533893, ""num_trades"": 7.954545454545454}",5.594150733323611
107b0063,"{""n_components"": 3, ""covariance_type"": ""diag"", ""long_threshold"": 0.65, ""short_threshold"": 0.35, ""xgb_params"": {""max_depth"": 5, ""learning_rate"": 0.05}, ""feature_config"": {""returns"": true, ""trend"": true, ""mean_reversion"": true}}","{""sharpe"": 0.9905519252747216, ""sortino"": 3.2790826996625366, ""calmar"": 10.370627197104298, ""max_drawdown"": -0.023653682352805305, ""cagr"": 0.055710595417818226, ""profit_factor"": 2.646041923293554, ""expectancy"": 19.234082530097258, ""win_rate"": 0.50968103533893, ""num_trades"": 7.954545454545454}",5.594150733323611
2e577cbe,"{""n_components"": 3, ""covariance_type"": ""diag"", ""long_threshold"": 0.65, ""short_threshold"": 0.35, ""xgb_params"": {""max_depth"": 5, ""learning_rate"": 0.05}, ""feature_config"": {""returns"": true, ""momentum"": true, ""trend"": true}}","{""sharpe"": 0.9905519252747216, ""sortino"": 3.2790826996625366, ""calmar"": 10.370627197104298, ""max_drawdown"": -0.023653682352805305, ""cagr"": 0.055710595417818226, ""profit_factor"": 2.646041923293554, ""expectancy"": 19.234082530097258, ""win_rate"": 0.50968103533893, ""num_trades"": 7.954545454545454}",5.594150733323611
